[
  {
    "success": {
      "fields": {
        "Success 200": [
          {
            "group": "Success 200",
            "optional": false,
            "field": "varname1",
            "description": "<p>No type.</p>"
          },
          {
            "group": "Success 200",
            "type": "String",
            "optional": false,
            "field": "varname2",
            "description": "<p>With type.</p>"
          }
        ]
      }
    },
    "type": "",
    "url": "",
    "version": "0.0.0",
    "filename": "apidocs/api/main.js",
    "group": "C__Users_Eliise_Documents_HostingMongoDB_BACK_apidocs_api_main_js",
    "groupTitle": "C__Users_Eliise_Documents_HostingMongoDB_BACK_apidocs_api_main_js",
    "name": ""
  },
  {
    "type": "get",
    "url": "/collections/:id",
    "title": "Get all Collections",
    "name": "GetAllCollections",
    "group": "Collections",
    "version": "0.0.1",
    "success": {
      "fields": {
        "Success 200": [
          {
            "group": "Success 200",
            "type": "String",
            "optional": false,
            "field": "name",
            "description": "<p>Firstname of the User.</p>"
          },
          {
            "group": "Success 200",
            "type": "String",
            "optional": false,
            "field": "lastname",
            "description": "<p>Lastname of the User.</p>"
          },
          {
            "group": "Success 200",
            "type": "String",
            "optional": false,
            "field": "address",
            "description": "<p>Address of the User.</p>"
          },
          {
            "group": "Success 200",
            "type": "String",
            "optional": false,
            "field": "phone",
            "description": "<p>Phone of the User.</p>"
          },
          {
            "group": "Success 200",
            "type": "String",
            "optional": false,
            "field": "email",
            "description": "<p>email of the User.</p>"
          }
        ]
      },
      "examples": [
        {
          "title": "Success-Response:",
          "content": "HTTP/1.1 200 OK\n{\n  \"_id\" : \"ObjectId(12345)\",\n  \"name\" : \"xxx\",\n  \"lastname\":\"xxx\",\n  \"address\":\"xxx\",\n  \"phone\":\"xxxxxxxxx\",\n  \"email\":\"xxx\"\n}",
          "type": "json"
        },
        {
          "title": "Success-Response (304):",
          "content": "HTTP/1.1 304 Not Modified",
          "type": "json"
        }
      ]
    },
    "sampleRequest": [
      {
        "url": "http://localhost:3000/api/users/"
      }
    ],
    "error": {
      "fields": {
        "Error 5xx": [
          {
            "group": "Error 5xx",
            "optional": false,
            "field": "500",
            "description": "<p>Internal Server Error</p>"
          }
        ]
      }
    },
    "filename": "apidocs/collectionsDocs.js",
    "groupTitle": "Collections"
  }
]
